<?xml version="1.0" encoding="UTF-8" ?>
<!DOCTYPE mapper
        PUBLIC "-//mybatis.org//DTD Mapper 3.0//EN"
        "http://mybatis.org/dtd/mybatis-3-mapper.dtd">

<mapper namespace="commodity">

    <select id="selectByPage" resultType="com.ryan.xianyu.domain.Commodity" parameterType="java.util.Map">
        SELECT * FROM commodity WHERE classification = #{classificationId} AND status = 0
        ORDER BY time DESC LIMIT #{pageInfo.start},#{pageInfo.pageSize}
    </select>

    <select id="selectById" resultType="com.ryan.xianyu.domain.Commodity" parameterType="java.lang.Integer">
        SELECT * FROM commodity WHERE id = #{id}
    </select>

    <insert id="insertCommodity" parameterType="com.ryan.xianyu.domain.Commodity" useGeneratedKeys="true">
      <selectKey resultType="java.lang.Integer" order="AFTER" keyProperty="id">
          SELECT LAST_INSERT_ID() AS ID
      </selectKey>
        insert into commodity (title,price,classification,publisher,description,contact,time,status)
        values (#{title},#{price},#{classification},#{publisher},#{description},#{contact},UNIX_TIMESTAMP(),0);
    </insert>

    <select id="getCommodityCountByUserId" parameterType="java.lang.Integer" resultType="java.lang.Integer">
        SELECT COUNT(*) FROM commodity WHERE publisher = #{id}
    </select>

    <select id="getCommoditiesByUserId" parameterType="java.util.Map" resultType="com.ryan.xianyu.domain.Commodity">
        SELECT * FROM commodity WHERE publisher = #{userId}
        <if test="pageInfo!=null">
            LIMIT #{pageInfo.start},#{pageInfo.pageSize}
        </if>
    </select>
    
    
    <update id="insertImages" parameterType="com.ryan.xianyu.domain.Commodity">
        update commodity set images = #{images} where id = #{id};
    </update>

    <select id="searchCommodity" parameterType="java.util.Map" resultType="com.ryan.xianyu.domain.Commodity">
        SELECT * FROM commodity WHERE status = 0
        <if test="search !=null">
            AND (title LIKE (SELECT CONCAT('%',#{search},'%')) OR description LIKE (SELECT CONCAT('%',#{search},'%')))
        </if>
        <if test="classification != null">
            AND classification in
            <foreach collection="classification" open="(" separator="," close=")" index="index" item="item">
                #{item}
            </foreach>
        </if>
        AND publisher IN
        (SELECT id FROM user WHERE 1 = 1
        <choose>
            <when test="instituteId != null">
                AND institute_id in
                <foreach collection="instituteId" open="(" separator="," close=")" index="index" item="item">
                  #{item}
                </foreach>
            </when>
        </choose>)
        ORDER BY time DESC
        <if test='pageInfo != null'>
            LIMIT #{pageInfo.start}, #{pageInfo.pageSize}
        </if>
    </select>

    <update id="updateCommodityStatus" parameterType="java.util.Map">
        UPDATE commodity SET status = #{status} WHERE id = #{commodityId}
    </update>

    <update id="addBrowse" parameterType="java.lang.Integer">
        update commodity set browse = browse + 1 where id = #{id};
    </update>


    <update id="modifyCommodity" parameterType="com.ryan.xianyu.domain.Commodity">
        UPDATE commodity
        <trim prefix="set" >
            <if test="title!=null">
                title = #{title},
            </if>
            <if test="price!=null">
                price = #{price},
            </if>
            <if test="classification!=null">
                classification = #{classification},
            </if>
            <if test="description!=null">
                description = #{description},
            </if>
            <if test="images!=null">
                images = #{images},
            </if>
            <if test="contact!=null">
                contact = #{contact},
            </if>
        </trim>
        time = UNIX_TIMESTAMP()
        WHERE id = #{id}
    </update>

    <delete id="deleteCommodity" parameterType="java.lang.Integer">
        DELETE FROM commodity WHERE id = #{id}
    </delete>

    <select id="getCommoditiesByIds" parameterType="java.util.List" resultType="com.ryan.xianyu.domain.Commodity">
        SELECT * FROM commodity WHERE id IN
        <foreach collection="list" item="item" index="index" open="(" separator="," close=")">
            #{item}
        </foreach>
    </select>

    <select id="getCommoditiesByIdList" parameterType="java.util.List" resultType="com.ryan.xianyu.domain.Commodity">
        SELECT * FROM commodity WHERE id IN
        <foreach collection="list" open="(" separator="," close=")" index="index" item="item">
            #{item}
        </foreach>
    </select>

    <select id="countCommodityByClassification" parameterType="java.lang.Integer"  resultType="java.lang.Integer">
        SELECT count(*) FROM commodity WHERE classification = #{id} AND status = 0;
    </select>
</mapper>