<?xml version="1.0" encoding="UTF-8" ?>
<!DOCTYPE mapper
        PUBLIC "-//mybatis.org//DTD Mapper 3.0//EN"
        "http://mybatis.org/dtd/mybatis-3-mapper.dtd">

<mapper namespace="deal">
    <resultMap id="dealMap" type="com.ryan.xianyu.domain.Deal">
        <result column="id" property="id"/>
        <result column="purchaser_id" property="purchaserId"/>
        <result column="commodity_id" property="commodityId"/>
        <result column="time" property="time"/>
    </resultMap>

    <insert id="insertDeal" parameterType="java.util.Map" useGeneratedKeys="true">
        INSERT INTO deal(purchaser_id,commodity_id,time) VALUE (#{purchaserId},#{commodityId},UNIX_TIMESTAMP())
    </insert>

    <delete id="deleteDeal" parameterType="java.util.Map">
        DELETE FROM deal WHERE purchaser_id = #{purchaserId} AND commodity_id = #{commodityId}
    </delete>

    <select id="getDealsByUserId" parameterType="java.lang.Integer" resultMap="dealMap">
        SELECT * FROM deal WHERE purchaser_id = #{id} ORDER BY time DESC
    </select>

    <select id="getDealsByUserIdByPage" parameterType="java.util.Map" resultMap="dealMap">
        SELECT * FROM deal WHERE purchaser_id = #{userId} ORDER BY time DESC
        <if test="pageInfo!=null">
            LIMIT #{pageInfo.start},#{pageInfo.pageSize}
        </if>
    </select>

    <select id="getDealsByTime" parameterType="java.util.Map" resultMap="dealMap">
        SELECT * FROM deal WHERE purchaser_id = #{userId} AND time BETWEEN #{start} AND #{end}
    </select>
</mapper>