<?xml version="1.0" encoding="UTF-8" ?>
<!DOCTYPE mapper
        PUBLIC "-//mybatis.org//DTD Mapper 3.0//EN"
        "http://mybatis.org/dtd/mybatis-3-mapper.dtd">

<mapper namespace="index">

    <resultMap id="notice" type="com.ryan.xianyu.domain.Notice">
        <result column="publish_time" property="publishTime"/>
        <result column="title" property="title"/>
        <result column="text" property="text"/>
        <result column="publisher" property="publisher"/>
        <result column="id" property="id"/>
    </resultMap>

    <select id="selectInstitute" resultType="java.util.Map" >
        SELECT * FROM institute ;
    </select>
    
    
    <select id="selectNotices" resultMap="notice" >
        SELECT * FROM notice ORDER BY id DESC LIMIT 6 ;
    </select>

    <select id="selectNotice" resultMap="notice" parameterType="java.lang.Integer">
        SELECT * FROM notice WHERE id = #{id};
    </select>

    <select id="selectClassification" resultType="com.ryan.xianyu.domain.Classification">
        select * from classification WHERE refer = 0;
    </select>

    <insert id="addInstitute" parameterType="java.lang.String" useGeneratedKeys="true">
        <selectKey resultType="java.lang.Integer" order="AFTER">
            SELECT LAST_INSERT_ID() AS ID
        </selectKey>
        INSERT INTO institute(name) VALUE (#{name})
    </insert>

    <delete id="deleteInstitute" parameterType="java.lang.Integer">
        DELETE FROM institute WHERE id = #{id}
    </delete>

    <update id="renameInstitute" parameterType="java.util.Map">
        UPDATE institute SET name = #{newName} WHERE id = #{instituteId}
    </update>

    <insert id="addClassification" parameterType="com.ryan.xianyu.domain.Classification" useGeneratedKeys="true">
        <selectKey resultType="java.lang.Integer" order="AFTER" keyProperty="id">
            SELECT LAST_INSERT_ID() AS ID
        </selectKey>
        INSERT INTO classification(name,refer) VALUE (#{name},#{refer})
    </insert>

    <delete id="deleteClassification" parameterType="java.lang.Integer">
        DELETE FROM classification WHERE id = #{id} OR refer = #{id}
    </delete>

    <update id="renameClassification" parameterType="java.util.Map">
        UPDATE classification SET name = #{newName} WHERE id = #{classificationId}
    </update>

    <select id="selectClassificationById" parameterType="java.lang.Integer" resultType="com.ryan.xianyu.domain.Classification">
        SELECT * FROM classification WHERE id = #{id}
    </select>

</mapper>