<?xml version="1.0" encoding="UTF-8" ?>
<!DOCTYPE mapper
        PUBLIC "-//mybatis.org//DTD Mapper 3.0//EN"
        "http://mybatis.org/dtd/mybatis-3-mapper.dtd">

<mapper namespace="post">
    <resultMap id="postReply" type="com.ryan.xianyu.domain.Post">
        <result column="id" property="id"/>
        <result column="replier" property="replier"/>
        <result column="text" property="text"/>
        <result column="reply_post_id" property="replyPostId"/>
        <result column="commodity_id" property="commodityId"/>
        <result column="status" property="status"/>
        <result column="time" property="time"/>
    </resultMap>


    <select id="selectReply" parameterType="java.util.Map" resultMap="postReply" >
        SELECT * FROM post WHERE commodity_id = #{commodityId} ORDER BY time ASC
        <if test="#{pageInfo}!=null">
            LIMIT #{pageInfo.start},#{pageInfo.pageSize}
        </if>
        ;
    </select>

    <insert id="insertReply" parameterType="java.util.Map" useGeneratedKeys="true">
        insert into post (replier,text,reply_post_id,commodity_id,time)
        values (#{replier},#{text},#{replyPostId},#{commodityId},UNIX_TIMESTAMP());
    </insert>

    <delete id="deleteReply" parameterType="java.lang.Integer">
        DELETE FROM post WHERE id = #{id}
    </delete>

    <select id="countReply" parameterType="java.lang.Integer" resultType="java.lang.Integer">
        SELECT count(*) FROM post WHERE commodity_id = #{id}
    </select>

    <select id="selectReplyByIds" parameterType="java.util.List" resultType="java.util.Map">
        SELECT commodity_id,count(*) FROM post WHERE commodity_id IN
         <foreach collection="list" open="(" separator="," close=")" index="index" item="item">
             #{item}
         </foreach>
         GROUP BY commodity_id;
    </select>

    <select id="countUnread" parameterType="java.lang.String" resultType="java.lang.Integer">
        SELECT count(*) FROM post WHERE commodity_id IN (#{ids}) AND status = 0;
    </select>

    <select id="selectPostById" parameterType="java.lang.Integer" resultMap="postReply">
        SELECT * FROM post WHERE id = #{id}
    </select>

    <select id="selectReplyByCommodityIds" parameterType="java.util.Map" resultMap="postReply">
        SELECT * FROM post WHERE commodity_id IN
        <foreach collection="commodityIds" item="item" index="index" open="(" separator="," close=")">
            #{item}
        </foreach>
        ORDER BY status ASC,time DESC
        <if test="pageInfo!=null">
            LIMIT #{pageInfo.start},#{pageInfo.pageSize}
        </if>
    </select>
</mapper>


