<?xml version="1.0" encoding="UTF-8" ?>
<!DOCTYPE mapper
        PUBLIC "-//mybatis.org//DTD Mapper 3.0//EN"
        "http://mybatis.org/dtd/mybatis-3-mapper.dtd">

<mapper namespace="user">
    <resultMap id="userMap" type="User">
        <result column="id" property="id"/>
        <result column="username" property="username"/>
        <result column="password" property="password"/>
        <result column="institute_id" property="instituteId"/>
        <result column="stu_id" property="stuId"/>
        <result column="name" property="name"/>
        <result column="time" property="time"/>
        <result column="email" property="email"/>
        <result column="avatar" property="avatar"/>
        <result column="admin" property="admin"/>
        <result column="phone" property="phone"/>
    </resultMap>

    <select id="selectByUserName" resultMap="userMap" parameterType="java.lang.String">
        SELECT * FROM user WHERE username = #{username}
    </select>

    <select id="selectById" resultMap="userMap" parameterType="java.lang.Integer">
        SELECT * FROM user WHERE id = #{id}
    </select>

    <select id="selectByIds" resultMap="userMap" parameterType="java.util.List">
        SELECT * FROM user WHERE id in
        <foreach collection="list" open="(" separator="," close=")" item="item" index="index">
            #{item}
        </foreach>
    </select>


    <insert id="insertNewUser" useGeneratedKeys="true" parameterType="User">
        INSERT INTO
        user(username, password, name, phone, institute_id, stu_id, email, admin, time)
        VALUE (#{username},#{password},#{name},#{phone},
        #{instituteId},#{stuId},#{email}, 0, UNIX_TIMESTAMP());
    </insert>

    <update id="updateUser" parameterType="User">
        update user
        <trim prefix="set" suffixOverrides=",">
            <if test="username!=null">
                username = #{username},
            </if>
            <if test="name!=null">
                name = #{name},
            </if>
            <if test="phone!=null">
                phone = #{phone},
            </if>
            <if test="instituteId!=null">
                institute_id = #{instituteId},
            </if>
            <if test="stuId">
                stu_id = #{stuId},
            </if>
            <if test="email!=null">
                email = #{email},
            </if>
            <if test="avatar!=null">
                avatar = #{avatar},
            </if>
        </trim>
        where id = #{id};
    </update>

    <delete id="deleteUser" parameterType="java.lang.Integer">
        DELETE FROM user WHERE id = #{id};
    </delete>

    <update id="updatePw" parameterType="java.util.Map">
        UPDATE user SET password = #{newPw} WHERE id = #{userId} AND password = #{oldPw}
    </update>

    <select id="totalUsers" resultType="java.lang.Integer">
        SELECT count(*) FROM user WHERE admin != 1
    </select>

    <select id="selectAllByPage" resultMap="userMap" parameterType="com.ryan.xianyu.common.PageInfo">
        SELECT * FROM user WHERE admin != 1 LIMIT #{start},#{pageSize}
    </select>

    <select id="searchUsers" resultMap="userMap" parameterType="java.lang.String">
        SELECT * FROM user WHERE admin != 1 AND (id=#{s} OR username=#{s} OR name=#{s} OR stu_id=#{s})
    </select>

    <update id="setUser2Admin" parameterType="java.lang.Integer">
        UPDATE user SET admin = 1 WHERE id = #{id}
    </update>

</mapper>